Investors;Location
Tencent;Netherlands
Microsoft;Netherlands
Bayer;Netherlands
Dell Technologies Inc.;Netherlands
Altice Europe;Netherlands
Cisco;Netherlands
Oracle;Netherlands
Royal Dutch Shell;Netherlands
Liberty Global;Netherlands
Thermo Fisher Scientific;Netherlands
IBM;Netherlands
Advent International;Netherlands
Apple;Netherlands
CVC Capital Partners;Netherlands
BlackRock;Netherlands
Telefonica;Netherlands
eBay;Netherlands
BT Group;Netherlands
Prosus (formerly Naspers);Netherlands
Vodafone;Netherlands
Adobe Systems;Netherlands
Level 3 Communications;Netherlands
Unilever N.V.;Netherlands
NXP Semiconductors;Netherlands
PayPal;Netherlands
Uber;Netherlands
Qualcomm;Netherlands
Takeaway.com;Netherlands
BlackBerry;Netherlands
ASML;Netherlands
Adidas;Netherlands
Euronext;Netherlands
Eight Roads Ventures;Netherlands
BASF;Netherlands
Equinix;Netherlands
Tata Group;Netherlands
NCR Corporation;Netherlands
VEON (formerly VimpelCom);Netherlands
Booking Holdings;Netherlands
Thomson Reuters;Netherlands
Neptune Energy;Netherlands
Arris Group;Netherlands
Digital Realty Trust;Netherlands
SS&C Technologies;Netherlands
Palo Alto Networks;Netherlands
NN Group;Netherlands
Philips;Netherlands
Oaktree Capital Management;Netherlands
Citrix Online;Netherlands
AerCap;Netherlands
SHV Holdings;Netherlands
Workday;Netherlands
Cognizant Technology Solutions;Netherlands
LSP Life Sciences Partners;Netherlands
GIMV;Netherlands
Citi;Netherlands
DSM;Netherlands
Panasonic;Netherlands
LinkedIn;Netherlands
Forbion Capital Partners;Netherlands
LyondellBasell Industries;Netherlands
Amazon Web Services;Netherlands
Plug and Play;Netherlands
Gilde Healthcare;Netherlands
FireEye;Netherlands
Hitachi;Netherlands
Waterland Private Equity;Netherlands
Liberty Global Ventures;Netherlands
PayU;Netherlands
Red Hat;Netherlands
NTT communications;Netherlands
Groupon;Netherlands
Wolters Kluwer;Netherlands
United Group;Netherlands
KPN;Netherlands
Avast;Netherlands
Konecranes;Netherlands
Refresco;Netherlands
Snap Inc.;Netherlands
ING Group;Netherlands
Airbus;Netherlands
Stripe;Netherlands
OLX;Netherlands
Pearson;Netherlands
Prime Ventures;Netherlands
HPE Growth;Netherlands
INKEF Capital;Netherlands
Lightspeed;Netherlands
Atlassian;Netherlands
Advance;Netherlands
Gemalto;Netherlands
Telecom Italia;Netherlands
ABN AMRO Ventures;Netherlands
Ivanti;Netherlands
Shanghai Electric Group Co Ltd;Netherlands
Convergys;Netherlands
Ramphastos Investments N.V.;Netherlands
APG;Netherlands
comScore;Netherlands
Prosus;Netherlands
Heineken;Netherlands
Qiagen;Netherlands
Hunter Douglas;Netherlands
Exor Seeds;Netherlands
ProQuest;Netherlands
Shell Ventures;Netherlands
Intertrust;Netherlands
Publicis Groupe;Netherlands
Orange Cyberdefense;Netherlands
Cognizant;Netherlands
ING Ventures;Netherlands
Opus Capital;Netherlands
FMO Entrepreneurial Development Bank;Netherlands
ING Bank Corporate Finance;Netherlands
ABN AMRO;Netherlands
Randstad;Netherlands
Bertelsmann India Investment;Netherlands
De Hoge Dennen Capital;Netherlands
Brenntag AG;Netherlands
Sequoia (PE & Advisory);Netherlands
Akamai;Netherlands
Marel;Netherlands
LexisNexis;Netherlands
VICE Media;Netherlands
PPF Group;Netherlands
VISMA;Netherlands
CyrusOne;Netherlands
Exor;Netherlands
HCL Technologies;Netherlands
Ahold;Netherlands
TripAdvisor;Netherlands
Cottonwood Technology Fund;Netherlands
Abcam;Netherlands
Acomo;Netherlands
Anterra Capital;Netherlands
Norgine;Netherlands
Givaudan;Netherlands
Dimension Data;Netherlands
Drake Star;Netherlands
Finci;Netherlands
Hoyberg;Netherlands
NPM Capital;Netherlands
BOM Brabant Ventures;Netherlands
Ola;Netherlands
AEGON;Netherlands
Getaround;Netherlands
Aescap;Netherlands
Lionbridge;Netherlands
AVG;Netherlands
Yandex;Netherlands
JBT Corporation;Netherlands
BioGeneration Ventures;Netherlands
EchoStar;Netherlands
Dropbox;Netherlands
Rabobank;Netherlands
Merge Healthcare;Netherlands
Hydra Ventures;Netherlands
Revo Capital;Netherlands
Endeit Capital;Netherlands
Teradata;Netherlands
Finch Capital;Netherlands
CRITEO;Netherlands
Tencate;Netherlands
DSM Venturing;Netherlands
Elastic;Netherlands
Keen Venture Partners;Netherlands
Klarna;Netherlands
KPN Ventures;Netherlands
Nuance;Netherlands
Velocity Capital Fintech Ventures;Netherlands
IKEA;Netherlands
Blackboard;Netherlands
OTB Ventures;Netherlands
Parcom Capital;Netherlands
Gilde IT Fund;Netherlands
Eventbrite;Netherlands
EIT InnoEnergy;Netherlands
Booking.com;Netherlands
OLX Group;Netherlands
Veeam;Netherlands
Newion;Netherlands
Ingka Group;Netherlands
Axway;Netherlands
InnovationQuarter;Netherlands
Verint Systems;Netherlands
Lbi international;Netherlands
Sykes Enterprises;Netherlands
Okta;Netherlands
Aqua-Spark;Netherlands
NIBC Capital Partners;Netherlands
Actian;Netherlands
Engie;Netherlands
Vectrix - NextStage;Netherlands
HenQ;Netherlands
HAL Investments;Netherlands
Robeco;Netherlands
Mitsubishi-Renault-Nissan Alliance;Netherlands
Prysmian Group;Netherlands
1kx;Netherlands
Delta Lloyd;Netherlands
RPS Group Plc;Netherlands
SET Ventures;Netherlands
PGGM Investments;Netherlands
Gilde Buy Out Partners;Netherlands
Pathofinder;Netherlands
Tornier;Netherlands
Tenable Network Security;Netherlands
Thuja Capital;Netherlands
Van Herk Ventures;Netherlands
Randstad Innovation Fund;Netherlands
Frontier Ventures;Netherlands
Wessanen;Netherlands
ALS Investment Fund;Netherlands
Agilent;Netherlands
Innovation Industries;Netherlands
Van Herk Biotech;Netherlands
DOEN Participaties;Netherlands
Rackspace;Netherlands
KPMG;Netherlands
Walvis Participaties;Netherlands
ID Logistics Group;Netherlands
Rubio Impact Ventures;Netherlands
NDS;Netherlands
GlobalFoundries;Netherlands
Bayer Global Investments;Netherlands
Mindray Medical International;Netherlands
Dasym;Netherlands
Tim Armstrong;Netherlands
America Movil;Netherlands
GreenSoil Investments;Netherlands
Connected Capital;Netherlands
Dima Ventures;Netherlands
Aglaia BioMedical Ventures;Netherlands
Biotech Turnaround Fund (BTF);Netherlands
David Chang;Netherlands
Bruker;Netherlands
DIF;Netherlands
Goodwell Investments;Netherlands
Equant;Netherlands
Libereum;Netherlands
AAC Capital Partners;Netherlands
Oikocredit International;Netherlands
Volta Ventures;Netherlands
SixThirty Ventures;Netherlands
Flow Traders;Netherlands
NIBC Bank;Netherlands
Brocade Communications Systems;Netherlands
Noah Lewis;Netherlands
ING Corporate Investments;Netherlands
TelecityGroup;Netherlands
HERE;Netherlands
Snowflake;Netherlands
Arthur Kosten;Netherlands
Vertex;Netherlands
Forward Venture Capital;Netherlands
5square;Netherlands
SAP Concur;Netherlands
LSP Health Economics Fund;Netherlands
David Evans;Netherlands
Investion;Netherlands
Trend Micro;Netherlands
Alison Rosenthal;Netherlands
Oost NL;Netherlands
Vermeg Group;Netherlands
Philips Ventures;Netherlands
Life Sciences Fund Amsterdam;Netherlands
Madeli Participaties;Netherlands
Health Innovations;Netherlands
Peak Capital;Netherlands
Zencap;Netherlands
Triodos Investment Management;Netherlands
Esperante Ventures;Netherlands
LeasePlan;Netherlands
Starthub Incubator;Netherlands
Cameron McLain;Netherlands
Karmijn Kapitaal;Netherlands
Pymwymic;Netherlands
Bolt;Netherlands
Draper Richards Kaplan Foundation;Netherlands
Slingshot Ventures;Netherlands
Stratton Sclavos;Netherlands
Startupbootcamp;Netherlands
Citic Telecom;Netherlands
Koch media;Netherlands
Netflix;Netherlands
Partners in Equity (PiE);Netherlands
Erasmus MC Biomedical Fund;Netherlands
Pegasystems;Netherlands
MedSciences Capital;Netherlands
Bas Godska;Netherlands
Invest-NL;Netherlands
Climate Fund Managers;Netherlands
Bynder;Netherlands
EIT Health;Netherlands
Ponooc;Netherlands
United Microelectronics;Netherlands
Chemelot Ventures;Netherlands
Icos Capital;Netherlands
RTL Ventures;Netherlands
Amerborgh;Netherlands
Sonos;Netherlands
Gregory van der Wiel;Netherlands
Arches Capital;Netherlands
Wouter Kneepkens;Netherlands
Kardan;Netherlands
Vortex Capital Partners;Netherlands
Marcel Boekhoorn;Netherlands
Rabo Ventures;Netherlands
UnifiedPost;Netherlands
Knight Venture Capital;Netherlands
Genscape;Netherlands
ModiQuest;Netherlands
NV LIOF;Netherlands
Eneco;Netherlands
CNBB Venture Partners;Netherlands
Helpling;Netherlands
MessageBird;Netherlands
J√∂rg Mohaupt;Netherlands
Antler;Netherlands
Holland Venture;Netherlands
Cinema City International;Netherlands
iFund;Netherlands
Gigi Levy Weiss;Netherlands
Sake Bosch;Netherlands
Koninklijke Philips;Netherlands
SHIFT Invest;Netherlands
Limburg Ventures;Netherlands
Anne-Marie Rakhorst;Netherlands
ASR Nederland;Netherlands
Vvaa;Netherlands
BinckBank;Netherlands
Gamma;Netherlands
H2 Equity Partners;Netherlands
Hans Veldhuizen;Netherlands
Neil Parikh;Netherlands
Cosine;Netherlands
Mainport Innovation Fund;Netherlands
Gracenote;Netherlands
Kevin Love;Netherlands
Willem Willemstein;Netherlands
Aurus Technologies Ltd.;Netherlands
Pieter Schoen;Netherlands
Hemingway CF;Netherlands
Antonio Gracias;Netherlands
Reggeborgh;Netherlands
DOB Equity;Netherlands
Soliton Systems;Netherlands
Rabo Frontier Ventures;Netherlands
Airbridge Equity Partners;Netherlands
BrightCap Ventures;Netherlands
Prosensa;Netherlands
Nutreco;Netherlands
RetailMeNot;Netherlands
Uniserver;Netherlands
WorldPay;Netherlands
Tiin Capital;Netherlands
VE Global;Netherlands
CyberTech International;Netherlands
Kairos;Netherlands
Philip Krim;Netherlands
Noaber;Netherlands
Nedermaas Hightech Ventures;Netherlands
DHG Communications Network BV;Netherlands
Healthcare Venture Partners;Netherlands
Kenda Capital;Netherlands
Ruffena Capital;Netherlands
Alain le Loux MSc MBA;Netherlands
af Jochnick Foundation;Netherlands
Andy Payne;Netherlands
Bill Godfrey;Netherlands
Eelko Van Kooten;Netherlands
Vopak;Netherlands
Arkady Volozh;Netherlands
European Life Sciences Growth Fund;Netherlands
inRiver;Netherlands
Koen Bok;Netherlands
MS Ventures;Netherlands
Meneldor;Netherlands
ATTRAQT;Netherlands
Beek Capital;Netherlands
Optiverder;Netherlands
Henderson Global Investors;Netherlands
CM Payments;Netherlands
Disruptive Technology Ventures;Netherlands
SET Venture Partners;Netherlands
Castel Capital;Netherlands
DLA Piper;Netherlands
OCI;Netherlands
Etagra Group;Netherlands
Marcel Beemsterboer;Netherlands
Waterman Ventures (NL);Netherlands
Oneplanetcrowd;Netherlands
ICT Automatisering;Netherlands
StackPath;Netherlands
Thijn Lamers;Netherlands
Brightlands Venture Partners;Netherlands
TechFund;Netherlands
Laurent Le Moal;Netherlands
PPM Oost;Netherlands
NextGen Ventures;Netherlands
Capital Mills;Netherlands
Avedon Capital Partners;Netherlands
No Such Ventures;Netherlands
Peter Carlsson;Netherlands
Instant Growth;Netherlands
Kees Koolen;Netherlands
01Ventures;Netherlands
Nationaal Groenfonds;Netherlands
ACT Venture Partners;Netherlands
UNIIQ;Netherlands
Daniel Gebler;Netherlands
PDENH;Netherlands
Andrey Khusid;Netherlands
BCD Group;Netherlands
Martin Neath;Netherlands
Eric Kaathoven;Netherlands
Mike Jones;Netherlands
Eneco group;Netherlands
MKB Leningenfonds;Netherlands
The Hatch Firm;Netherlands
Rockstart;Netherlands
AKEF;Netherlands
Thierry Schaap;Netherlands
ENERGIIQ;Netherlands
Amundi;Netherlands
Aayush Phumbhra;Netherlands
Adjuvo;Netherlands
Convent Capital;Netherlands
Hubertus Bessau;Netherlands
Max Wittrock;Netherlands
Willem Sijthoff;Netherlands
YAM Invest;Netherlands
Innovatiefonds Noord-Holland;Netherlands
Royal IHC;Netherlands
Sudheesh Nair;Netherlands
C4D Partners;Netherlands
HUBspot Leiden;Netherlands
Collider;Netherlands
Henri Moissinac;Netherlands
Mentha Capital;Netherlands
Merapar;Netherlands
Ocom;Netherlands
Steve Papa;Netherlands
Triodos Bank;Netherlands
Global Cleantech Capital;Netherlands
Joop Drechsel;Netherlands
Axivate Capital;Netherlands
Granpool;Netherlands
W Ventures;Netherlands
7 Industries;Netherlands
Collin Terpstra;Netherlands
GitHub;Netherlands
John Urban;Netherlands
ICG Ventures;Netherlands
Global Opportunities (GO) Capital Asset Management;Netherlands
Parinvest;Netherlands
Scranton Enterprises;Netherlands
FORWARD.one Venture Capital;Netherlands
ReachLocal;Netherlands
Carduso Capital;Netherlands
Lucros Investment;Netherlands
Koolen Industries;Netherlands
Pat Condon;Netherlands
SLJ Investment Partners B.V.;Netherlands
Casper;Netherlands
Sytse Sijbrandij;Netherlands
Utrecht Holdings;Netherlands
Nixu;Netherlands
Active Capital Company;Netherlands
Biox Biosciences;Netherlands
Lumana Invest BV;Netherlands
Philips Lighting;Netherlands
Magnus Olsson;Netherlands
UNIT4;Netherlands
Thibaut Faures Fustel de Coulanges ;Netherlands
Holland Capital;Netherlands
ForestEffectFund;Netherlands
VenturesOne;Netherlands
Borski Fund;Netherlands
Jumpstart NL;Netherlands
Green Innovations BV;Netherlands
Laurens Groenendijk;Netherlands
Finch Finance;Netherlands
Sandbox;Netherlands
Welch Allyn;Netherlands
Economic Affairs Netherlands;Netherlands
VOC Capital Partners;Netherlands
EVO Venture Partners;Netherlands
Brooklyn Ventures;Netherlands
eVentures Africa Fund;Netherlands
Zeeuws InvesteringsFonds;Netherlands
Chris Bouwer;Netherlands
Twente Technology Fund;Netherlands
Dutch Good Growth Fund;Netherlands
Monitor Capital Partners;Netherlands
Symbid;Netherlands
GX Software;Netherlands
Parkmobile Group;Netherlands
Ace Incubator;Netherlands
Javest Investment Fund;Netherlands
Miten Sampat;Netherlands
Nimbus Ventures;Netherlands
GS-Hydro;Netherlands
Economic Board Groningen;Netherlands
Tablomonto Ventures;Netherlands
CapitalT;Netherlands
RVO;Netherlands
BillPro Group;Netherlands
Energy Experience Group;Netherlands
Joost Romeijn;Netherlands
Lowland Capital Partners;Netherlands
Main Capital Partners;Netherlands
Lew Moorman;Netherlands
Lundin Petroleum AB;Netherlands
Limburg Business Development Fonds;Netherlands
Nalden;Netherlands
UT International Ventures;Netherlands
Leapfunder;Netherlands
Future food fund;Netherlands
4Impact;Netherlands
Avanta partners;Netherlands
Fitlab;Netherlands
Raymond Spanjar;Netherlands
Scott McCorkle;Netherlands
Trusted Ventures;Netherlands
Worldwideworker.com;Netherlands
AuthenTec;Netherlands
Maven 11 Capital;Netherlands
Henk Bles;Netherlands
NOM;Netherlands
Ohad Gilad;Netherlands
Point-One Innovation Fund;Netherlands
Amrish Rau;Netherlands
Matt Miesnieks;Netherlands
Adriaan Mol;Netherlands
Daniel Ropers;Netherlands
Dutch capital;Netherlands
Ecart Invest;Netherlands
Jeroen van Velzen;Netherlands
Jonghoud International;Netherlands
Koen Bavinck;Netherlands
Maikel Lobbezoo;Netherlands
Markus Emmer;Netherlands
Morten Strunge;Netherlands
Novamedia;Netherlands
SHAPE Capital BV;Netherlands
Innovation in Motion;Netherlands
Graham Weston;Netherlands
Reventon B.V.;Netherlands
Dutch L'Arche BV;Netherlands
BCD Travel;Netherlands
Miller Turner;Netherlands
InvestInFuture;Netherlands
Dutch Founders Fund;Netherlands
Fashion For Good;Netherlands
Rabo F&A Innovation Fund;Netherlands
Kalo Bagijn;Netherlands
River Venture Partners;Netherlands
Seeds;Netherlands
VentureBuilders Capital;Netherlands
Outliers;Netherlands
Rana Capital Partners;Netherlands
Steven Skala;Netherlands
Vitulum Ventures;Netherlands
Gert-Jan Munneke;Netherlands
Hartenlust Group;Netherlands
Lanham Napier;Netherlands
Enexis;Netherlands
Crowd Mobile;Netherlands
Keadyn;Netherlands
Hivos International;Netherlands
Richard Yoo;Netherlands
TomTom;Netherlands
Markus Kullendorff;Netherlands
Jan-Joost Rueb;Netherlands
Neil Lustig;Netherlands
Timothy Sadler;Netherlands
MIH Ricardo;Netherlands
Provincie Noord Holland (APPA);Netherlands
Linden Mobile Ventures;Netherlands
Enfuro Ventures;Netherlands
Onno Bakker;Netherlands
Value Creation Capital;Netherlands
Green Challenge Fund;Netherlands
Janneke Niessen;Netherlands
Johan Bendz;Netherlands
Maarten Beucker Andreae;Netherlands
Daniel McPherson;Netherlands
Marc Aafjes;Netherlands
Han de Groot;Netherlands
Robert Gaal;Netherlands
Alexandre Gonthier;Netherlands
DFE Partners;Netherlands
Marco Giberti;Netherlands
Shuji Honjo;Netherlands
Milestone;Netherlands
Jolanda Degen;Netherlands
Phillippe de Knijff;Netherlands
Karen Riley;Netherlands
Triple;Netherlands
Michiel and Claudia Schro√´der;Netherlands
Gearoid M. Faherty;Netherlands
Bakken & Baeck;Netherlands
Alan Schoenbaum;Netherlands
Robbert Visser;Netherlands
Axians;Netherlands
Cairn Real Estate;Netherlands
Demcon;Netherlands
Duurzaam Investeren;Netherlands
K Street Capital;Netherlands
Lumana Invest;Netherlands
Royal BAM Group;Netherlands
Stephane Mayer;Netherlands
Techfront Ventures;Netherlands
TechNano Fund;Netherlands
Stash Ventures;Netherlands
Ton van 't Noordende;Netherlands
Navus Ventures;Netherlands
Barney‚Äôs Farm;Netherlands
Willem Schutte;Netherlands
Omni Bridgeway;Netherlands
Govdep5012;Netherlands
Ian Bonner;Netherlands
PHOTON ENERGY;Netherlands
Stackscale;Netherlands
Stingray Digital Group;Netherlands
X21;Netherlands
Health Innovation Park;Netherlands
Patrick Kerssemakers;Netherlands
Technofonds Flevoland;Netherlands
Healthy.Capital;Netherlands
DFZ Participaties;Netherlands
UvA Ventures;Netherlands
Chang Ng;Netherlands
Block Party;Netherlands
StartLife;Netherlands
Lumipol Holding;Netherlands
√Öke Lund√©n;Netherlands
Mike Zisman;Netherlands
Sequoia Seeds Investments;Netherlands
Health Holland;Netherlands
Utrecht Health Seed Fund;Netherlands
Kevin Johnson;Netherlands
Herman Kienhuis;Netherlands
Marco Aarnink;Netherlands
Paul van Keep;Netherlands
Silicon Polder Fund;Netherlands
Taxi Baan;Netherlands
Dave Dirks;Netherlands
Henri de Jong;Netherlands
Rob de Heus;Netherlands
Floris Rost van Tonningen;Netherlands
Bizcuit;Netherlands
Expand Research;Netherlands
IEG ‚Äì Investment Banking Group;Netherlands
MM Ventures;Netherlands
Fonds 1818;Netherlands
Start Foundation;Netherlands
Boralis BV;Netherlands
De InvesteerdersClub;Netherlands
Ekoy Investment Partners;Netherlands
InvestorMatch;Netherlands
John Martin;Netherlands
Marc van der Chijs;Netherlands
Pim Schmitz;Netherlands
Dan Siroker;Netherlands
Werner Vogels;Netherlands
CE-Tech Invest;Netherlands
DGI Europe;Netherlands
Bob Breeman;Netherlands
Erwin Arkema;Netherlands
FD 4x4 Automotive B.V.;Netherlands
InnoCapital;Netherlands
JOA Ventures;Netherlands
Nxchange;Netherlands
Orkun Samioglu;Netherlands
OTM Investments;Netherlands
Pierre Petitcollin;Netherlands
TechFund One;Netherlands
Yillmaz Schoen;Netherlands
Clever Clover;Netherlands
Venn Life Sciences;Netherlands
AET;Netherlands
Cordaid Social AdVenture;Netherlands
DCIF;Netherlands
Dmitry Stepanov;Netherlands
Frank Veenendaal;Netherlands
Marc Schr√∂der;Netherlands
Novapars Capital;Netherlands
Scott Weiss;Netherlands
Ted Jansen;Netherlands
UtrechtInc;Netherlands
Aletra Capital Partners;Netherlands
Chris Ouwinga;Netherlands
Collin Crowdfund;Netherlands
Geldvoorelkaar.nl;Netherlands
Heleen Dura - van Oord;Netherlands
Kickstart Venlo;Netherlands
Marque Joosten;Netherlands
Martijn Rozendaal;Netherlands
Ron Belt;Netherlands
Bright Ventures;Netherlands
Jay Vijayan;Netherlands
Arco Van Nieuwland;Netherlands
Fred Gehring;Netherlands
Ludo Onnink;Netherlands
Peter Jan Rubingh;Netherlands
Sophie Amir;Netherlands
Wilco Jiskoot;Netherlands
Willem van der Hooft;Netherlands
Wolf Nathan;Netherlands
Jamil Khatri;Netherlands
Omri Amir;Netherlands
Paul Veugen;Netherlands
Peter Driessen;Netherlands
Wouter Broekhof;Netherlands
DHG Holding;Netherlands
Otto Group;Netherlands
Arthur van der Wees;Netherlands
Greenlink;Netherlands
Lennard Zwart;Netherlands
John Engates;Netherlands
LLX2 Investments;Netherlands
Unicornify;Netherlands
Arkady Borkovsky;Netherlands
Altermedia;Netherlands
Nascent Ventures;Netherlands
Nederlandse Spoorwegen;Netherlands
Redmedtech ventures;Netherlands
Venture Fathers;Netherlands
Acrobator Ventures;Netherlands
Lunatech Ventures;Netherlands
Arjan Grootenboer;Netherlands
BlockCorp;Netherlands
CoBuilders Incubator;Netherlands
Delft Enterprises;Netherlands
Elisabeth Stevens;Netherlands
ESA Business Incubation Centre;Netherlands
Hebo Investments;Netherlands
Heinrich Prokop;Netherlands
Jan Scholt;Netherlands
Mamadoo Ventures;Netherlands
Reinoud Elhorst;Netherlands
Silver Point Ventures;Netherlands
Willem Akkersdijk;Netherlands
Jim Byrnes;Netherlands
Jonathan Hall;Netherlands
Michiel Muller;Netherlands
Thijs Gitmans;Netherlands
Tom Patterson;Netherlands
Vikas Shreedhar;Netherlands
Generali Horizon;Netherlands
Joost Holleman;Netherlands
Michiel van Deursen;Netherlands
Monuta;Netherlands
Nikkie (NP Fashion Holding);Netherlands
Walter Wijnands;Netherlands
Woodwing;Netherlands
HighTechXL;Netherlands
Klaas Joosten;Netherlands
Brave new food;Netherlands
Lendahand;Netherlands
Hans-Poul Veldhuyzen van Zanten;Netherlands
Abhishek Jain;Netherlands
Aart Jan Schouten;Netherlands
BioEngineering Laboratories S.p.A.;Netherlands
CrowdAboutNow;Netherlands
Greven Investments;Netherlands
Kees van der Geer;Netherlands
Kennispark;Netherlands
Martijn de Vrij;Netherlands
Mathys van Abbe;Netherlands
ASIF Ventures;Netherlands
James Olden;Netherlands
Christian van Someren;Netherlands
Vidoze;Netherlands
BrownCow;Netherlands
Holland Startup;Netherlands
Tim van der Noordt;Netherlands
Rik Heijmen;Netherlands
Brent Metz;Netherlands
Tom Crotty;Netherlands
Martijn Don;Netherlands
Transavia Airlines;Netherlands
HIVOS;Netherlands
Oterap B.V.;Netherlands
Rattan Chadha;Netherlands
Michael Simon;Netherlands
Dutch Student Investment Fund;Netherlands
Johannes Hartman;Netherlands
Join;Netherlands
Joris Rijpma;Netherlands
Epicenter;Netherlands
Brightlands Chemelot Campus;Netherlands
Brainport Eindhoven Region;Netherlands
Charles Odinot;Netherlands
Crowdpartners;Netherlands
Startupbootcamp Smart Materials;Netherlands
Ylvas Investments;Netherlands
Erwin van der Veen;Netherlands
LUMO Labs;Netherlands
Paul Aelen;Netherlands
Peer Goudsmit;Netherlands
TMI Investments BV;Netherlands
Bill Schrader;Netherlands
Crosspring B.V;Netherlands
Frederik Gerner;Netherlands
Ahmed Abushanab;Netherlands
Edwin van Tulder;Netherlands
Luxury Hospitality Group;Netherlands
Terna;Netherlands
Campfire;Netherlands
HealthInc;Netherlands
Leiden University;Netherlands
Erik van Luxzenburg;Netherlands
Lars Buch;Netherlands
Local Friend;Netherlands
TheNextWomen;Netherlands
1% Club;Netherlands
15KM;Netherlands
2dehands.be / 2ememain.be;Netherlands
2theloo;Netherlands
3D Hubs;Netherlands
4just1;Netherlands
512 CONCEPTS BV;Netherlands
5P Capital;Netherlands
Aalberts Industries;Netherlands
Accell Group;Netherlands
Achmea;Netherlands
acomo;Netherlands
ACTpluz B.V.;Netherlands
Adhold;Netherlands
Adri√°n Moreno Pe√±a;Netherlands
Advanced Manufacturing Control Systems - AMCS Group;Netherlands
AESSEAL;Netherlands
AFAS Software;Netherlands
Affidea;Netherlands
Africa Tech Ventures;Netherlands
Agri Food Health Innovation Centre;Netherlands
Aim for the Moon;Netherlands
Air France;Netherlands
AirPlus;Netherlands
AkzoNobel;Netherlands
Albelli (Albumprinter);Netherlands
Alef Arendsen;Netherlands
Alexander Shulgin;Netherlands
alexis sozonoff;Netherlands
Ali Zaidi;Netherlands
Allshare;Netherlands
Almende Investments;Netherlands
Alphacomm;Netherlands
Amborio Accelerator;Netherlands
AMG Advanced Metallurgical Group;Netherlands
Amit Rathore;Netherlands
Amplitude;Netherlands
Amsterdam Capital Week;Netherlands
Amsterdam Economic Board;Netherlands
Amsterdam Science Park;Netherlands
Amsterdam Trade Bank;Netherlands
Amsterdam Venture Partners;Netherlands
Amsterdam Venture Studios;Netherlands
Anders Invest;Netherlands
Andr√© Kingham;Netherlands
Andrew Klein;Netherlands
Andries Voskamp;Netherlands
Anjani Prasad;Netherlands
Antea;Netherlands
Anthos Fund & Asset Management;Netherlands
Apcoa Parking;Netherlands
APG GroeiFabriek;Netherlands
Appical;Netherlands
Appixoft;Netherlands
Arnold Mars;Netherlands
Arnside Ventures;Netherlands
Art.com;Netherlands
Atlantic Capital;Netherlands
Atradius;Netherlands
Audio Network;Netherlands
August Ventures;Netherlands
Ava van Vliet;Netherlands
Avance ICT Groep;Netherlands
Avantium Technologies;Netherlands
Avensus;Netherlands
AVerest Capital;Netherlands
Avi Networks;Netherlands
Avicenna Ventures VC;Netherlands
Axxerion;Netherlands
Azerion;Netherlands
B-business Partners;Netherlands
Backspace studio;Netherlands
Balmoral Ventures;Netherlands
Barentz;Netherlands
Bark Packaging Group;Netherlands
Barqo;Netherlands
Bas Beekman;Netherlands
Bas Rasker;Netherlands
Bas van der Veldt;Netherlands
Bas van der Zalm;Netherlands
Base Logistics;Netherlands
Basefarm;Netherlands
Batenburg Techniek;Netherlands
BB Capital;Netherlands
BCN B.V.;Netherlands
Beamler;Netherlands
Bechtle Gmb;Netherlands
Beenen;Netherlands
Bencis Capital Partners;Netherlands
Berco Stukje;Netherlands
Bergman Clinics;Netherlands
Berk Partners;Netherlands
Bert Tournois;Netherlands
BeStart cleantech startup accelerator;Netherlands
Beter Bed Holding;Netherlands
BFly Ventures;Netherlands
BiD Network;Netherlands
Big Data Innovatiehub;Netherlands
Bill King;Netherlands
Bioceros;Netherlands
Biopartner Center Maastricht;Netherlands
BioscienZ;Netherlands
BiQ Group N.V.;Netherlands
Birch Consultants;Netherlands
Bird & Bird LLP;Netherlands
BitFury Capital;Netherlands
BitFury Group;Netherlands
BK360¬∫;Netherlands
Blanco Fintech;Netherlands
BLandlord;Netherlands
BLOOM;Netherlands
Blooming & Booming;Netherlands
Bloomreach;Netherlands
Blue Ocean XLerator;Netherlands
Blue Sparrows MedTech Fund;Netherlands
Blue Whale Ventures;Netherlands
BlueBubbleLab;Netherlands
BlueCielo;Netherlands
BlueLabel;Netherlands
Bluestone PIM;Netherlands
BMG Production Music;Netherlands
Bolster Investment Partners;Netherlands
Booking Booster;Netherlands
Bookunited;Netherlands
Boost your startup;Netherlands
Borgesius;Netherlands
Boris Veldhuijzen van Zanten;Netherlands
Boskalis;Netherlands
Bouwaandeel;Netherlands
Brabant Life Sciences Seed Fund;Netherlands
Brainport Catalyst Technology & Business Incubator;Netherlands
Brainport Development;Netherlands
Brakel;Netherlands
Bram Bosveld;Netherlands
Bram Versteegh;Netherlands
Brand New Day;Netherlands
Briegel;Netherlands
Brightlands Maastricht Health Campus;Netherlands
Broad Horizon;Netherlands
Broadview Holding;Netherlands
Brunel International NV;Netherlands
BTS;Netherlands
Buccaneer Delft;Netherlands
Builders;Netherlands
Building Blocks;Netherlands
Business Angel Netwerken Nederland;Netherlands
Business Angels Technostarters;Netherlands
Business Blenders;Netherlands
Business Generator Groningen;Netherlands
Businessaccelerator;Netherlands
BUX;Netherlands
BW Ventures;Netherlands
Caele Holding;Netherlands
CANDID GROUP;Netherlands
Capital A Investment Partners;Netherlands
Capital Circle;Netherlands
Carla Snepvangers;Netherlands
Carlos Oliveira;Netherlands
Casper Haspels;Netherlands
Casper Peeters;Netherlands
Catalyst Microfinance Investors;Netherlands
Catena Investments;Netherlands
CE Tech Invest;Netherlands
Celonis;Netherlands
Central European Media Enterprises;Netherlands
Cfunds;Netherlands
Chainalytics;Netherlands
Chartboost;Netherlands
Chris Cochran;Netherlands
Chris Rea;Netherlands
Chris Sukornyk;Netherlands
Christiaan Solcer;Netherlands
Chrysalix SET;Netherlands
City of Amsterdam;Netherlands
CJ Koomen;Netherlands
Claymount Technologies;Netherlands
Cleantech Center;Netherlands
CLIQ Digital;Netherlands
Cloudian;Netherlands
Cloudreach;Netherlands
CM;Netherlands
CM Telecom;Netherlands
Codeplace;Netherlands
Coen van Oostrom;Netherlands
Combell Group (Team.blue);Netherlands
Command Alkon;Netherlands
Commenda;Netherlands
Committed Capital;Netherlands
Compumatica;Netherlands
Conclusion;Netherlands
Conix Ventures;Netherlands
Connect Capital;Netherlands
Continental Bakeries;Netherlands
Convious;Netherlands
Cool Blue;Netherlands
Copaco;Netherlands
Corinne Vigreux;Netherlands
CQ Green Protein Fund;Netherlands
Creative Capital Studio;Netherlands
Cross Media Ventures;Netherlands
Crowdrealestate;Netherlands
Cube050;Netherlands
CUPP Computing;Netherlands
Curium Pharma;Netherlands
Curvature;Netherlands
CycloMedia Technology;Netherlands
Cyrte Investments;Netherlands
d-travel (D-rt Groep BV);Netherlands
Daily Bottle;Netherlands
Dalip Pathak;Netherlands
Danny de Wit;Netherlands
Danthas;Netherlands
Darwin Invest;Netherlands
Datto;Netherlands
David Hamilton;Netherlands
David James;Netherlands
Davor Hebel;Netherlands
De Heus Animal Nutrition;Netherlands
De Jamfabriek;Netherlands
De Mol Ventures;Netherlands
DELA;Netherlands
Delta Hydrocarbons;Netherlands
Den Hartogh Logistics;Netherlands
Denit;Netherlands
Dennis Bruin;Netherlands
Dennis Pekel;Netherlands
Dexteritas;Netherlands
DGI Ventures | Europe;Netherlands
DigiB;Netherlands
Digital Estate;Netherlands
Digital Health Center;Netherlands
Digital Insurance Group;Netherlands
Dinalog;Netherlands
Dirk Jan Koekkoek;Netherlands
Dirk Kadijk;Netherlands
Doefonds Frysl√¢n;Netherlands
Donald Thinschmidt;Netherlands
Doorgaan.nl;Netherlands
Dotcompanies;Netherlands
DoubleDutch;Netherlands
Douglas Trafelet;Netherlands
DQ&A Media Group;Netherlands
Dreamlines;Netherlands
DSM Capital Partners;Netherlands
Dutch eHealth Fund;Netherlands
Dutch Expansion Capital;Netherlands
Dutch Game Garden;Netherlands
Dutch LSH Alliance;Netherlands
Dutch PR Group;Netherlands
Dutch Technology Foundation STW;Netherlands
Dutch Venture Initiative;Netherlands
DutchBasecamp;Netherlands
Duval Union Consulting;Netherlands
Dyas BV;Netherlands
Dylan van Groenigen;Netherlands
E2Cleantech;Netherlands
Eagle Eye Networks;Netherlands
ECE Campus;Netherlands
Economic Board Utrecht;Netherlands
Edo Jansen;Netherlands
Efficy CRM;Netherlands
Eficode;Netherlands
eFuture;Netherlands
Egeria;Netherlands
Eindhoven Startups Foundation;Netherlands
ELCIES;Netherlands
Elsevier;Netherlands
Emerce;Netherlands
Enacer;Netherlands
enbiun;Netherlands
Endava;Netherlands
Eneco Energy Ventures;Netherlands
Energiefonds Overijssel;Netherlands
Energiefonds Utrecht;Netherlands
Enginn;Netherlands
Entweder;Netherlands
Enviu;Netherlands
EO Accelerator Nederland;Netherlands
Equiniti;Netherlands
Eric Bowman;Netherlands
Eric Dadoun;Netherlands
Eric van der Maten;Netherlands
Erik Schut;Netherlands
Erik van den Berg;Netherlands
Esdec BV;Netherlands
ESE World B.V;Netherlands
Esperite NV;Netherlands
Eternal Sun;Netherlands
euNetworks;Netherlands
Eurocommercial Properties NV;Netherlands
Eurofiber;Netherlands
Euromate BV;Netherlands
European Directories ;Netherlands
EVBox;Netherlands
Evolv Technologies;Netherlands
Exact;Netherlands
Exliptic Capital;Netherlands
ExO Capital;Netherlands
Expereo;Netherlands
Experience Group;Netherlands
EXplorance;Netherlands
Eyeworks;Netherlands
Factory CRO;Netherlands
Factris;Netherlands
Fagerhult AB;Netherlands
Fair Capital Partners;Netherlands
FARE Capital;Netherlands
Fashion for Good - Plug and Play;Netherlands
Fastned;Netherlands
FD Mediagroep;Netherlands
FDI ‚Äì First Dutch Innovations;Netherlands
Feist;Netherlands
Fellowmind;Netherlands
Felton;Netherlands
Fiat Chrysler Automobiles;Netherlands
Filsa Capital;Netherlands
FinCo Fuels Group;Netherlands
FInish Accelerator;Netherlands
FINSPAR;Netherlands
First Country Research;Netherlands
FlixBus;Netherlands
Floorplanner;Netherlands
Floris Dullaart;Netherlands
Floris van Alkemade;Netherlands
Floris van der Veen;Netherlands
Flywheel Founders (IFGE Performance);Netherlands
FME;Netherlands
FNT Capital;Netherlands
FONK;Netherlands
FoodStars;Netherlands
Foodvalley;Netherlands
Foreman Capital;Netherlands
ForFarmers;Netherlands
Forward Incubator;Netherlands
Founded By All;Netherlands
Fratres/ Guardian Fund;Netherlands
Gale Bowman;Netherlands
GateSoft;Netherlands
Gateway Group;Netherlands
Generation-E;Netherlands
Genesys Telecommunication Labs;Netherlands
GEOSEA NV;Netherlands
German Loewe;Netherlands
Gert Jan Munneke;Netherlands
Gianluca Valentini;Netherlands
Gijs Craenmehr;Netherlands
Gilde Equity Management;Netherlands
GJ Smid Fonds;Netherlands
Global Grid Capital;Netherlands
GlobalCollect;Netherlands
Golden Gate Services Amsterdam;Netherlands
Goodr;Netherlands
GoodShepherdEnt;Netherlands
GorillaPark;Netherlands
Gran Julia Investment Group;Netherlands
Grandvision;Netherlands
Great Stuff Ventures;Netherlands
Green PAC iLab;Netherlands
GreenFlux;Netherlands
Greenhouse Cleantech Incubator;Netherlands
Greetz;Netherlands
Group of Butchers;Netherlands
GrowthClass;Netherlands
Guido Dalessi;Netherlands
Guillaume d'Eyssautier;Netherlands
Haarlem Valley - Present Your Startup;Netherlands
HackerOne;Netherlands
Hallo.eu;Netherlands
Hans Janssen;Netherlands
Hans van der Saag;Netherlands
Harald Swinkels;Netherlands
Harbour BioMed;Netherlands
Harm Botter;Netherlands
Health Innovation Campus;Netherlands
Health Investment Partners;Netherlands
Heijmans;Netherlands
Heimrich Roetman;Netherlands
HelpTheCrowd;Netherlands
Hendrik Schakel;Netherlands
Hendrik Veder Group;Netherlands
Henk Blaauwgeers;Netherlands
Herman Hintzen;Netherlands
HES INTERNATIONAL B.V.;Netherlands
Hidden talents;Netherlands
Hive 01;Netherlands
Hivos impact investments;Netherlands
Hoist Finance AB;Netherlands
Holland Food Ventures;Netherlands
Home Credit Group;Netherlands
HousingAnywhere;Netherlands
HP Valves;Netherlands
Hubstart;Netherlands
Hugo de Koning;Netherlands
Huib Wurfbain;Netherlands
Hydratec Industries;Netherlands
Icecat;Netherlands
ICP Corporate Finance;Netherlands
ICT Venture;Netherlands
Iddink Group;Netherlands
IDEA-nhl;Netherlands
Ideapitcher;Netherlands
IGM Resins;Netherlands
Igor Beuker;Netherlands
IGX Global;Netherlands
Ilko Bosman;Netherlands
IMCD;Netherlands
Immovator;Netherlands
IMPROVED Corporate Finance;Netherlands
Inclusive Business Accelerator;Netherlands
Incubator Breda;Netherlands
Incubator E;Netherlands
Indofin Group;Netherlands
Inergy;Netherlands
Infoblox;Netherlands
Infotheek;Netherlands
ING Informal Investing;Netherlands
ING Innovation Studio;Netherlands
Ingenico ePayments (Ingenico eCommerce division);Netherlands
Ingvar Kamprad;Netherlands
Innoleaps;Netherlands
Inqubator Leeuwarden;Netherlands
Insight;Netherlands
Intelligent;Netherlands
Interxion;Netherlands
Invaco Management;Netherlands
Investment Ready;Netherlands
InVision;Netherlands
IP Visie;Netherlands
IPM Partners;Netherlands
iProspect;Netherlands
iQU;Netherlands
Irdeto;Netherlands
IRocket Ventures;Netherlands
IS Group;Netherlands
Ivan Svitek;Netherlands
Ivo De la Rive Box;Netherlands
IvyRoads B.V.;Netherlands
iWelcome;Netherlands
Jaap van Barneveld;Netherlands
Jacobs Douwe Egberts;Netherlands
James Regan;Netherlands
Jamf;Netherlands
Jan Andriessen;Netherlands
Jan Baan;Netherlands
Jan Henne De Dijn;Netherlands
Jan Maurits Faber;Netherlands
Jan Snel;Netherlands
Jan Willem Meijer;Netherlands
Jan-Willem van Boeckel;Netherlands
Janse Capital;Netherlands
Janssen‚Äã;Netherlands
Jasper De Rooij;Netherlands
Jasper Wognum;Netherlands
Jeff Smith;Netherlands
Jelle-Jan Bruinsma;Netherlands
Jelto Kromwijk Smits;Netherlands
Jens Ruesink;Netherlands
Jeroen de Kovel;Netherlands
Jeroen Morrenhof;Netherlands
Jitse Groen;Netherlands
Joby Babu;Netherlands
Johan Trip;Netherlands
Johan van Mil;Netherlands
John Dang;Netherlands
John Lommers;Netherlands
Jon Wimmercranz;Netherlands
Jonathan Carson;Netherlands
Jonathan Kule;Netherlands
JongBus;Netherlands
Jonny Crowe;Netherlands
Joost de Valk;Netherlands
Joost van de Wijgerd;Netherlands
Joris Jonker;Netherlands
Jorn Lyseggen;Netherlands
Jos van der Hyden;Netherlands
Joulz;Netherlands
Jur Baart;Netherlands
JustGiving Netherlands;Netherlands
Justin Gold;Netherlands
Justin Harris;Netherlands
Kapitaal Opmaat;Netherlands
Karl Chong;Netherlands
Kaya Capital;Netherlands
Kees Mudde;Netherlands
Kempen & Co;Netherlands
Kendrion;Netherlands
Kennedy Van der Laan;Netherlands
Keylane;Netherlands
Kiadis Pharma;Netherlands
Kinly;Netherlands
Kiwa NV;Netherlands
Klaas Lameijer;Netherlands
Knab;Netherlands
Koninklijke Brill;Netherlands
Koninklijke Euroma;Netherlands
Krik Gunning;Netherlands
Kristof Vereenooghe;Netherlands
KYOCERA Document Solutions;Netherlands
Lantech;Netherlands
LaunchBase;Netherlands
Lavide Holding N.V.;Netherlands
Lavoisier;Netherlands
Leanplum;Netherlands
Leapfrog;Netherlands
Leapfrog Enterprises;Netherlands
LeaseWeb;Netherlands
Lee Feldman;Netherlands
Legal Tech Studio;Netherlands
Legall;Netherlands
Leiden Bio Science Park;Netherlands
Leisure Group;Netherlands
Lennart Koopmans;Netherlands
Leon Pals;Netherlands
Leonard Wolters;Netherlands
Lepaya;Netherlands
Les Grappes;Netherlands
Letgo;Netherlands
Liciam B.V.;Netherlands
LifeSciences@work Accelerator;Netherlands
Light Point Ventures;Netherlands
Linnaeus Capital Partner;Netherlands
LIOF Nedermaas High Tech Ventures;Netherlands
Lithium Werks;Netherlands
Live On Demand;Netherlands
Logicalis SMC;Netherlands
LogRhythm;Netherlands
Lovetofund;Netherlands
Lu√≠s Oliveira;Netherlands
Lucas Brentjens;Netherlands
Lupus Ventures;Netherlands
Maarten Goossens;Netherlands
Maarten van den Biggelaar;Netherlands
Makerstreet;Netherlands
Marc Metekohy;Netherlands
Marc Tarpenning;Netherlands
Marc Vermeulen;Netherlands
Marcel de Groot;Netherlands
Marcel Hagedoorn;Netherlands
Marcel Zegger;Netherlands
Marco Squarci;Netherlands
Maria Ferreras;Netherlands
Marije M.E. Haeck;Netherlands
Marijn Pijnenborg;Netherlands
Mark Jongerius;Netherlands
Mark Schiefelbein;Netherlands
MarketDrums;Netherlands
Marktplaats.nl;Netherlands
Marnix Tiggeloven;Netherlands
Martijn de Blaey;Netherlands
Martijn Eier;Netherlands
Martijn van der Hoeden;Netherlands
Martin Duits;Netherlands
Matti Leshem;Netherlands
Medavinci;Netherlands
MediaMatters;Netherlands
MediaMonks;Netherlands
Medical Credit Fund;Netherlands
Meetingselect;Netherlands
Meewind;Netherlands
Meltwater;Netherlands
Mercury Global Partners;Netherlands
Merford Holding b.v.;Netherlands
MetrixLab;Netherlands
Micha Wijngaarde;Netherlands
Michael Kinsbergen;Netherlands
Michael van Beers;Netherlands
Michel Burgerhof;Netherlands
Michiel Frackers;Netherlands
Michiel Mol;Netherlands
Miguel Eguizabal Abad;Netherlands
MIH;Netherlands
MijnGeldzaken;Netherlands
Mike Rogero;Netherlands
Miko de Haan;Netherlands
Million Monkeys;Netherlands
Miroslav Boublik;Netherlands
MJ Hudson;Netherlands
MKB & Technofonds Flevoland;Netherlands
MKB Fonds;Netherlands
Mobbr;Netherlands
Mobiquity;Netherlands
MŒº Eindhoven;Netherlands
"Mohammad ""Mo"" Moghaddas";Netherlands
Momentum Capital;Netherlands
Mondicon;Netherlands
Monon BV;Netherlands
Moos Lamerus;Netherlands
Mophie;Netherlands
Move Fast Ventures;Netherlands
MT MediaGroep;Netherlands
Muon;Netherlands
Nanotech Ventures;Netherlands
Navitas Capital;Netherlands
NBI Investors;Netherlands
Nedamco Capital;Netherlands
Nedschroef;Netherlands
Netherland Crowdfunding;Netherlands
Netsam Participaties;Netherlands
New Amsterdam Capital B.V.;Netherlands
New Energy Challenge;Netherlands
New Energy Docks;Netherlands
Newconomy;Netherlands
NewNet Communication Technologies;Netherlands
NEXT Amsterdam;Netherlands
NextOEM;Netherlands
Nick Kalliagkopoulos;Netherlands
Nick Lenten;Netherlands
Nick Stals;Netherlands
Nils Beers;Netherlands
NLC - The Healthtech Venture Builder;Netherlands
NLC Capital;Netherlands
NLImpact;Netherlands
NN Investment Partners;Netherlands
Noord-Holland Noord;Netherlands
Noordam Management;Netherlands
NoorderHuys Participaties;Netherlands
Noppies;Netherlands
Nordian Capital;Netherlands
Noro Venture Capital;Netherlands
Notilyze;Netherlands
Novel-T;Netherlands
NovioTech;Netherlands
Novisource;Netherlands
NSI NV;Netherlands
Nutanix;Netherlands
Nuvias;Netherlands
NVP;Netherlands
NXG Ventures;Netherlands
Nyenburgh Holding B.V.;Netherlands
O2 Capital Partners;Netherlands
OBI4Wan;Netherlands
Ohpen;Netherlands
Olalla Lapuerta;Netherlands
Olav van Doorn;Netherlands
Olympia Capital Partners;Netherlands
Omer Khan;Netherlands
OndernemersLift+;Netherlands
OneFit;Netherlands
Open-House;Netherlands
Operator Exchange;Netherlands
Opiness;Netherlands
Optidob;Netherlands
Optimizers;Netherlands
Optimum Group;Netherlands
Orange Growth Capital;Netherlands
Oranjewoud N.V.;Netherlands
Ordina;Netherlands
Oreijs Capital;Netherlands
Oreijs Capital & Management;Netherlands
ORTEC;Netherlands
Ostrica Investments;Netherlands
Otravo;Netherlands
Otterloo Ventures;Netherlands
Outside Inc.;Netherlands
p2 Rossum;Netherlands
PAIX Data Centres;Netherlands
Palmyra Investments;Netherlands
Pantimia B.V.;Netherlands
Paolo Martorino;Netherlands
PartaNova;Netherlands
Particon;Netherlands
Partyclap;Netherlands
Patrick Driessen;Netherlands
Patrick Klink;Netherlands
Patrick Leers;Netherlands
Patrick Studener;Netherlands
Patrick Toolan;Netherlands
Paul Bakker;Netherlands
Paul van Eijden;Netherlands
Paws Holdings;Netherlands
Pay for People;Netherlands
Payconiq;Netherlands
Paymentus;Netherlands
Payplaza;Netherlands
PEAK-IT;Netherlands
Peakfijn;Netherlands
Peakz;Netherlands
Pepijn Post;Netherlands
Percival Participations;Netherlands
Peter Brouwers;Netherlands
Peter Knight;Netherlands
Phenom People;Netherlands
PHS Capital;Netherlands
Physitrack;Netherlands
Piano.io;Netherlands
PICNIC;Netherlands
Pie Medical Imaging;Netherlands
Piet Mars;Netherlands
Pieter Vermeer;Netherlands
Pieter Welten;Netherlands
Ping Identity Corporation;Netherlands
Pinvoorschot;Netherlands
Pjotr van Schothorst;Netherlands
Places to work Almere;Netherlands
Plotwise;Netherlands
Pon Holdings;Netherlands
Port of Rotterdam;Netherlands
Portucana;Netherlands
PortXL;Netherlands
PostelOntwerpen;Netherlands
PostNL;Netherlands
Present Your Startup;Netherlands
Prezent Internet;Netherlands
Pride Capital Partners;Netherlands
ProPortion;Netherlands
Protix Biosystems;Netherlands
Provincie Noord Brabant (APPA);Netherlands
Provincie Utrecht (APPA);Netherlands
PVS Investments;Netherlands
Q-go;Netherlands
Qapital;Netherlands
Quadrum Capital;Netherlands
Qualys;Netherlands
QuantERA;Netherlands
Quantlab;Netherlands
Quentin Lacointa;Netherlands
Qurius;Netherlands
Rabobank‚Äôs Food & Agri Innovation Fund;Netherlands
Radboud Dood;Netherlands
Radboud University Medical Center;Netherlands
Raet;Netherlands
Ralph van Aken;Netherlands
Ramon Vingerhoed;Netherlands
Rard Rijcken;Netherlands
Raymon van der Velde;Netherlands
Ready When You Are;Netherlands
Rebecca Dale;Netherlands
Redmax;Netherlands
Regas BV;Netherlands
Reinder Lubbers;Netherlands
Remco van Zanten;Netherlands
Ren√© Kock;Netherlands
Rene van Erk;Netherlands
ReneBeulen;Netherlands
Renewable Ventures;Netherlands
Rescop ( Regulatory System Compliance Partners);Netherlands
ReSnap;Netherlands
ResQ;Netherlands
Revinate;Netherlands
RFS Holland Holding;Netherlands
Rhein Invest;Netherlands
Ricardo van Loenen;Netherlands
Riedel;Netherlands
Rik Oude Grote Bevelsborg;Netherlands
Rimas Kapeskas;Netherlands
Ritsaart van Montfrans;Netherlands
RKU8 Holding;Netherlands
Rob Ashe;Netherlands
Rob Chandra;Netherlands
Rob Peters;Netherlands
Rob Santos;Netherlands
Robbert Jan Hanse;Netherlands
Robert Easton;Netherlands
Robert Oringer;Netherlands
Robert Tissing;Netherlands
Robovalley Investment Fund;Netherlands
RocketX;Netherlands
Rockstart LATAM;Netherlands
Roel Bergsma;Netherlands
Roeland Boonstoppel;Netherlands
Rogier Thewessen;Netherlands
Rogier van Duyn;Netherlands
Rogier Wentink;Netherlands
ROM Regio Utrecht;Netherlands
Ron van Valkengoed;Netherlands
Ronald Hans;Netherlands
Ronald Prins;Netherlands
Rotterdam Internet Valley;Netherlands
Rotterdam Mobility Lab;Netherlands
Rotterdam Port Fund;Netherlands
Roxit Group;Netherlands
Royal Imtech;Netherlands
RTL nederland;Netherlands
RTS Realtime Systems;Netherlands
Ruben Nieuwenhuis;Netherlands
Ruben Peter Meiland;Netherlands
Rubix;Netherlands
Rubrik ;Netherlands
RUG Holding;Netherlands
Rune Theill;Netherlands
Rutger Beumer;Netherlands
Rutger Peters;Netherlands
Ruud Rijbroek;Netherlands
sa.am;Netherlands
SamenInGeld;Netherlands
Sanaga Ventures;Netherlands
Sander Jongsma;Netherlands
Sander Ouwerkerk;Netherlands
Sander Prinsen;Netherlands
Sander van der Blonk;Netherlands
Satoshi Capital;Netherlands
SBIC Noordwijk;Netherlands
SBIC Participations;Netherlands
Schuttelaar & Partners;Netherlands
SciSports;Netherlands
Scott Allan;Netherlands
Scribd;Netherlands
Sean Tomlinson;Netherlands
Seasons Capital Partners;Netherlands
Sebastiaan Hooft;Netherlands
SecureLink;Netherlands
See Tickets;Netherlands
Sentia;Netherlands
Sepideh Radmannia;Netherlands
SevOne;Netherlands
SGG group;Netherlands
Shop Apotheke Europe;Netherlands
Shotaro Kawahara;Netherlands
ShowBird;Netherlands
SHV Energy;Netherlands
Sidetrade;Netherlands
SIDN fonds;Netherlands
Siia;Netherlands
Simac;Netherlands
Simon Anderson;Netherlands
Sjmg Health Investments;Netherlands
Sjoerd Pitstra;Netherlands
Sjoerd Rietberg;Netherlands
Sjuul Berden;Netherlands
Sligro Food Group;Netherlands
Smart Square Ventures BV;Netherlands
SmartHub Incubator Industry;Netherlands
Smartwares;Netherlands
SMB Life Scienceds;Netherlands
SMRPBV;Netherlands
SnappCar;Netherlands
Snow Software;Netherlands
SNS Bank;Netherlands
Soestdijk Capital;Netherlands
Sofos;Netherlands
SoftwareONE;Netherlands
Solid Ventures;Netherlands
Solina Group;Netherlands
Sparkplugventures ;Netherlands
SPF Beheer;Netherlands
Spotler;Netherlands
Spotler Group;Netherlands
SpotX;Netherlands
Sprinkle / Strossle;Netherlands
Sprinklr;Netherlands
Squarewise;Netherlands
Squla;Netherlands
Stan P. van de Burgt;Netherlands
Standard Investment;Netherlands
Starterslift;Netherlands
StartGreen Capital;Netherlands
StartHub Wageningen;Netherlands
StartUp Den Haag;Netherlands
Startup Eindhoven;Netherlands
Startup Funding Event;Netherlands
Startup in Residance;Netherlands
Startup Leap;Netherlands
Startup Ventures B.V.;Netherlands
STARTUP/eindhoven;Netherlands
StartupPush;Netherlands
Stecc Corporate Finance | Capital;Netherlands
Stefan Bary;Netherlands
Stephan Peters;Netherlands
Stern Groep;Netherlands
Steve Westly;Netherlands
Steven dondorp;Netherlands
Steven van Houwelingen;Netherlands
Stichting Nederlandse Wetenschappelijk Onderzoek Instituten;Netherlands
Stichting Nesst;Netherlands
Stimuleringsfonds Volkshuisvesting Nederlandse;Netherlands
Store Corporation;Netherlands
Storefront;Netherlands
StuDocu;Netherlands
StudyPortals;Netherlands
Sunrock Investments;Netherlands
Supper Club;Netherlands
Swanbridge Capital;Netherlands
Synechron;Netherlands
Synergia Capital Partners;Netherlands
Synthon;Netherlands
T-Mobile NL;Netherlands
Tailwind Crowd;Netherlands
Talespin;Netherlands
Talk360;Netherlands
Talpa;Netherlands
Talpa Network;Netherlands
TAPE;Netherlands
Taptrove Ventures;Netherlands
Task Force Health Care;Netherlands
Taurus Europe;Netherlands
Tax at Work;Netherlands
TB Capital;Netherlands
TBD;Netherlands
Team Ventures;Netherlands
Technia Transcat;Netherlands
TechnoStars;Netherlands
Tegema Group B.V.;Netherlands
Telco accessories;Netherlands
Telindus;Netherlands
Templafy;Netherlands
TenPages.com;Netherlands
The Capitals;Netherlands
The Difference Incubator;Netherlands
The Grounds;Netherlands
The Hague Fund;Netherlands
The Human Network;Netherlands
The Innovation Playground;Netherlands
The Leadership Vanguard;Netherlands
The Main Ingredient;Netherlands
The Start-Up Network;Netherlands
The SUN Amsterdam;Netherlands
The Young Venture;Netherlands
TIE Kinetix;Netherlands
TKH Group;Netherlands
TMF Group;Netherlands
TMG Startups;Netherlands
TMM Ventures;Netherlands
TNO;Netherlands
Todd Rulon-Miller;Netherlands
TOHARU Ventures;Netherlands
Tom Meijeraan;Netherlands
Tom Peeters;Netherlands
Tom Scott;Netherlands
Tom van der Lubbe;Netherlands
Ton Tuijten;Netherlands
Ton van der Veldt;Netherlands
Tonson Enterprises/Enabling Technology Fund;Netherlands
Torqx Capital;Netherlands
Tostrams;Netherlands
Total Specific Solutions;Netherlands
Totta Research;Netherlands
TradeMill;Netherlands
TradeWeb Markets;Netherlands
Tradewind Capital;Netherlands
Tradus;Netherlands
TransIP (Team.blue);Netherlands
Travel Impact Lab;Netherlands
Travelling Connect;Netherlands
Treatwell;Netherlands
TROOSTWIJK;Netherlands
Truphone;Netherlands
Truvalu.startups;Netherlands
Tuvalu Media Group;Netherlands
Twinning;Netherlands
Two Hop Ventures;Netherlands
TWS;Netherlands
UiPath;Netherlands
UMC Utrecht;Netherlands
Unica Group;Netherlands
Unified;Netherlands
Unknown Group;Netherlands
Upfield;Netherlands
Urban Impact Ventures;Netherlands
USG People;Netherlands
Utrecht Science Park;Netherlands
V Ventures;Netherlands
Vakanties.nl;Netherlands
VakantieXperts;Netherlands
Valley Date Venture Partners;Netherlands
Valtech;Netherlands
Value8 NV;Netherlands
Van Gansewinkel Groep B.V.;Netherlands
Van Lanschot Kempen;Netherlands
Van Oord;Netherlands
Vanderlande;Netherlands
Vanguard Entertainment Group;Netherlands
VB Digital Ventures;Netherlands
VC4Africa;Netherlands
VDL Groep;Netherlands
VE Partners;Netherlands
Velio;Netherlands
VentureBuilders;Netherlands
Venturelab International ;Netherlands
VentureLab Twente;Netherlands
Venturerock;Netherlands
Vermaat Groep;Netherlands
Vertigo Games;Netherlands
VIA;Netherlands
Viadesk;Netherlands
Victor Tan;Netherlands
Vik Patel;Netherlands
Vikas Saxena;Netherlands
Vinci;Netherlands
Vinted;Netherlands
Viroclinics Biosciences;Netherlands
VisionsConnected;Netherlands
Vitality Ventures;Netherlands
Vivo Energy;Netherlands
Vodafone Netherlands;Netherlands
Vondel Finance;Netherlands
VONQ;Netherlands
Voodoo;Netherlands
Voordegroei;Netherlands
Voordekunst;Netherlands
Voyage Venture Catalysts;Netherlands
VSTEP;Netherlands
VWE Automotive;Netherlands
Wadinko;Netherlands
WaiACCELERATE;Netherlands
WAKR! Holding B.V.;Netherlands
Walter ten Hoor;Netherlands
Walter Van De Wege;Netherlands
Warner Philips;Netherlands
Water Alliance;Netherlands
Waterline Capital;Netherlands
Watermark;Netherlands
Watermelon Ventures;Netherlands
Wayv;Netherlands
We are you;Netherlands
We Share Ventures;Netherlands
WebshopOvername.nl;Netherlands
Wekomenerwel;Netherlands
Wendy Van Ierschot;Netherlands
Wereldhave;Netherlands
Werkgroep Zorg 2025;Netherlands
WeShareSolar;Netherlands
Westt;Netherlands
WeTradeNet;Netherlands
WeTransfer;Netherlands
Whitepages;Netherlands
Widebridge Group;Netherlands
Willemijn Schneyder;Netherlands
Wisepower;Netherlands
Wolves Capital;Netherlands
Wonderlab;Netherlands
Woodwing Ventures;Netherlands
World Startup Factory;Netherlands
WorldStartup;Netherlands
Wouter Gort;Netherlands
Wunderman;Netherlands
X-Europe;Netherlands
Xegasus Aviation Investments;Netherlands
Xeltis;Netherlands
Xendo;Netherlands
Ximedes;Netherlands
XL family;Netherlands
XSML;Netherlands
Yalcin Ayaydin;Netherlands
Yanmar Marine International;Netherlands
Yardi Systems;Netherlands
Yellow Walnut;Netherlands
Yellow&Blue Investment Management;Netherlands
YES!Delft;Netherlands
Yme Bosma;Netherlands
YOC Group;Netherlands
Yoram Wijngaarde;Netherlands
YoungCapital;Netherlands
Younnic Capital Partners;Netherlands
YouTellMe;Netherlands
Zeiss;Netherlands
ZekVentures;Netherlands
Zernike Fund Management;Netherlands
ZERO;Netherlands
ZidiCircle;Netherlands
ZIGT Mediabureau;Netherlands
ZonMw;Netherlands
ZonnepanelenDelen;Netherlands
Zoom Video Communications;Netherlands
zorgInc;Netherlands
Zscaler;Netherlands
De Bruijn & Voorneveld Consulting;Netherlands
Larsen & Toubro;Netherlands
Marisan & Partners BV;Netherlands
